filename,caption,predicted_caption
000001.jpg,Succulent roasted duck surrounded by fluffy white bao buns.,crispy fried chicken wings with green onions and a side of sauce.
000002.jpg,"Quesadilla wedges with creamy drizzle, salsa and fresh lettuce.",crispy fried chicken wings with green onions and fresh green onions.e sauce.
000003.jpg,Frothy orange soup with a central green herb garnish.,crispy fried rice with a side of dipping sauce.
000004.jpg,"Golden paella with seafood, green peas, and rice.",crispy fried chicken wings with green onions and fresh green onions.
000005.jpg,"Rice bowl topped with tofu, vegetables, and shredded egg.",crispy fried chicken wings with green onions and fresh green onions.
000006.jpg,Cheesy burger with a generous portion of golden fries.,crispy fried chicken wings with golden fries and dipping sauce. fries.
000007.jpg,Layered tomato and fresh green salad.,crispy fried chicken wings with a side of sauce.e sauce.
000008.jpg,Spaghetti topped generously with a rich meat sauce.,crispy fried chicken wings with a side of sauce.e sauce.
000009.jpg,"Assorted cheeses, bread, nuts, apple slices, and jam.",crispy fried chicken wings with a side of sauce.e sauce.
000010.jpg,Rich French onion soup with bubbly melted cheese topping.,crispy fried rice with a side of a side of sauce.
000011.jpg,Flavorful Pad Thai noodles garnished with carrots and peanuts.,crispy fried chicken wings with green onions and fresh green onions.e sauce.
000012.jpg,A blurry image of a bowl of fried rice.,crispy fried chicken wings with green onions and fresh green onions.e sauce.
000013.jpg,Golden brown melted cheese on a bubbling soup.,crispy fried rice with powdered sugar and a side of sauce.
000014.jpg,"Creamy mac and cheese, toasted topping, small cast iron.",crispy fried chicken wings with powdered sugar and a side of sauce.
000015.jpg,Fresh tomato bruschetta and olives on a bed of greens.,crispy fried chicken wings with green onions and fresh green onions.
000016.jpg,"Grilled steak, baked potato with toppings, and green beans.",crispy fried chicken wings with vibrant green onions..
000017.jpg,Crispy golden toast with powdered sugar and syrup.,crispy fried chicken wings with golden fries and dipping sauce.e.
000018.jpg,Round pizza with generous slices of sausage and melted cheese.,crispy fried chicken wings with powdered sugar and a side of sauce.
000019.jpg,Fresh spring rolls with visible shrimp and greens.,crispy fried chicken wings with powdered sugar and a side of sauce.
000020.jpg,Chicken curry with spiced potatoes and fresh parsley.,crispy fried chicken wings with green onions and a side of sauce.
000021.jpg,Spaghetti bolognese with a generous serving of savory meat sauce.,crispy fried chicken wings with powdered sugar and a side of sauce.
000022.jpg,Assortment of artfully presented appetizers on white servingware.,crispy fried chicken wings with a side of sauce.e sauce.
000023.jpg,Golden fried pastries generously dusted with white powdered sugar.,crispy fried chicken wings with golden fries and dipping sauce. fries.
000024.jpg,Sliced quesadilla with sour cream and fresh tomato salsa.,crispy fried chicken wings with powdered sugar and a side of sauce.
000025.jpg,"Assortment of Middle Eastern dishes, including hummus and falafel.","crispy fried chicken wings with sauce, cheese, cheese, and sauce.e."
000026.jpg,"Raw beef tartare with egg yolk, garlic, and toast.","crispy fried chicken wings with egg, fresh green onions.."
000027.jpg,"Perfectly roasted meat, crispy exterior, juicy pink interior.",crispy fried rice with a side of dipping sauces.
000028.jpg,Warm fruit crumble topped with two scoops of ice cream.,crispy fried rice with powdered sugar and a side of sauce.
000029.jpg,Sweet baklava pastry topped with crushed green pistachios.,crispy fried chicken wings with powdered sugar and a side of sauce.
000030.jpg,Golden brown toasted bread slices with a crispy crust.,crispy fried chicken wings with golden fries and dipping sauce. fries.
000031.jpg,"Assorted cheeses, nuts, fruit spread, and crusty bread.",crispy fried chicken wings with fresh green onions.e sauce.
000032.jpg,Assorted crackers and cheese slices on a colorful plate.,crispy fried rice with a side of a side of sauce.
000033.jpg,"Fresh oysters on ice, with sauce and lemon.",crispy fried chicken wings with green onions and fresh green onions.
000034.jpg,Golden flatbread topped with cheese and fresh herbs.,crispy fried chicken wings with green onions and fresh green onions.
000035.jpg,"Cherry tomatoes, mozzarella balls, and fresh basil leaves.",crispy fried chicken wings with green onions and a side of sauce.
000036.jpg,"Shiny, saucy, golden-brown chicken wings close-up.",crispy fried chicken wings with golden fries and dipping sauce. fries.
000037.jpg,"Fresh green salad with apples, walnuts, and beets.",crispy fried chicken wings with green onions and fresh green onions.
000038.jpg,"Savory fried rice with egg, green onions, and pickled ginger.",crispy fried chicken wings with green onions and fresh salad..
000039.jpg,"Caesar salad with fresh greens, croutons, and anchovies.",crispy fried chicken wings with a side of sauce.e sauce.
000040.jpg,"Cheesy nachos piled high with salsa, guacamole, sour cream.",crispy fried chicken wings with green onions and fresh green onions.e sauce.
000041.jpg,Round carrot cake with white frosting and chopped walnuts.,crispy fried rice with a side of a side of sauce.
000042.jpg,Sweet and savory glazed chicken wings with sesame seeds.,crispy fried rice with melted cheese and dipping sauce.e.
000043.jpg,Fluffy beignets generously covered with powdered sugar.,crispy fried chicken wings with golden fries and dipping sauce. fries.
000044.jpg,Colorful tostada topped with fresh seafood and chopped vegetables.,crispy fried chicken wings with green onions and fresh green onions.
000045.jpg,Warm cobbler with vanilla ice cream and berry sauce.,crispy fried chicken wings with fresh green onions.e sauce.
000046.jpg,"Waffle with chocolate drizzle, ice cream, and fresh fruit.",crispy fried chicken wings with a side of a side of sauce.
000048.jpg,Chicken and vegetable stir-fry served with white rice.,crispy fried chicken wings with green onions and fresh green onions.e sauce.
000049.jpg,Gnawed chicken bones on a paper-lined tray.,crispy fried chicken wings with powdered sugar and a side of sauce.
000050.jpg,Classic cheese pizza slice with a sprinkle of seasoning.,crispy fried chicken wings with powdered sugar and a side of dipping sauce.
000051.jpg,"Dome-shaped fried rice with meat, egg, and red pickles.",crispy fried chicken wings with green onions and fresh green onions.
000052.jpg,A plate of golden-brown crispy chicken wings.,crispy fried chicken wings with golden fries and dipping sauce. fries.
000053.jpg,"Salsa with chunks, surrounded by colorful tortilla chips.",crispy fried chicken wings with golden fries and dipping sauce. fries.
000054.jpg,"Two cannolis filled with cream, dusted with powdered sugar.",crispy fried chicken wings with powdered sugar and a side of dipping sauce.
000055.jpg,"Crispy fried chicken, fresh greens, and creamy green sauce.",crispy fried chicken wings with green onions and a side of sauce.
000056.jpg,A cinnamon-sugar churro with a cup of chocolate dip.,crispy fried rice with powdered sugar and a side of sauce.
000057.jpg,"Thinly sliced meat, fresh greens, capers, and crispy flatbread.",crispy fried chicken wings with fresh green onions.e sauce.
000058.jpg,"Fresh Caesar salad with cheese, croutons, and a boiled egg.",crispy fried chicken wings with green onions and fresh green onions.
000059.jpg,"A close-up of glossy, saucy chicken wings.",crispy fried chicken wings with crispy fries and dipping sauce. fries.
000060.jpg,Richly roasted duck with shiny skin and white buns.,crispy fried rice with a side of dipping sauce.
000061.jpg,"Fried egg with ham, cheese sauce, and sweet potatoes.",crispy fried rice with melted cheese and fresh green onions.e.
000062.jpg,Fresh mixed green salad with croutons and crumbled cheese.,crispy fried chicken wings with green onions and fresh green onions.
000063.jpg,"Colorful rice bowl with vegetables, mushrooms, and egg yolk.",crispy fried rice with fresh green onions and fresh green onions.
000064.jpg,Grilled quesadilla slices with chicken and fresh tomato salsa.,crispy fried chicken wings with green onions and fresh green onions.
000065.jpg,Golden-brown grilled chicken wings on skewers.,crispy fried rice with powdered sugar and a side of sauce.
000066.jpg,"Noodles with shrimp, sprouts, peanuts, and lime wedge.",crispy fried chicken wings with green onions and fresh green onions.
000067.jpg,"Grilled fish with lemon, rice, soup, and side.",crispy fried chicken wings with fresh green onions.e sauce.
000068.jpg,Crispy fried fish and golden fries with lemon.,crispy fried chicken wings with golden fries and dipping sauce. fries.
000069.jpg,Golden fried fish with green peas and a lemon.,crispy fried chicken wings with golden fries and dipping sauce.e.
000070.jpg,Cheesy macaroni pasta shells in a foil cup.,crispy fried rice with a side of dipping sauce.
000071.jpg,Fragrant fried rice topped with fresh green onions.,crispy fried chicken wings with green onions and fresh salad..
000072.jpg,Toasted bread with diced tomatoes and fresh basil.,crispy fried chicken wings with fresh green onions.e sauce.
000073.jpg,"Fresh fruit salsa with toast, vibrant and colorful.",crispy fried chicken wings with crispy fries and dipping sauce. fries.
000074.jpg,Crispy golden fried chicken wings in a foil pan.,crispy fried chicken wings with golden fries and dipping sauce. fries.
000075.jpg,"White fish chunks and frisée salad, delicately plated.",crispy fried chicken wings with green onions and fresh green onions.
000076.jpg,"Assortment of cheeses, meats, crackers, and dried fruit.",crispy fried chicken wings with a side of sauce.e sauce.
000077.jpg,Savory beef curry with rice and fresh vegetables.,crispy fried rice with a side of dipping sauce.
000078.jpg,"Thick patty on lettuce, served with golden french fries.",crispy fried rice with a white frosting.e sauce.
000079.jpg,Runny eggs benedict with hollandaise sauce and crispy hash browns.,crispy fried chicken wings with fresh green onions.e sauce.
000080.jpg,"Crispy, flaky baklava pastry with rich nutty layers.",crispy fried chicken wings with powdered sugar and dipping sauces.
000081.jpg,"Two glistening baklava pastries, one with pistachio topping.",crispy fried rice with a side of a side of sauce.
000082.jpg,Golden fried samosas served with two vibrant chutneys.,crispy fried chicken wings with golden fries and dipping sauce. fries.
000083.jpg,"Assorted cheese pieces, including blue cheese.",crispy fried chicken wings with a side of dipping sauces.
000084.jpg,Golden-brown melted cheese topping a hearty bowl.,crispy fried chicken wings with golden fries and dipping sauce. fries.
000085.jpg,Golden brown french toast with melted butter.,crispy fried chicken wings with powdered sugar and a side of sauce.
000086.jpg,Vibrant seafood and fruit mix in a martini glass.,crispy fried chicken wings with green onions and a side of sauce.
000087.jpg,Clear broth with long white strips and dark ingredients.,crispy fried rice with a side of sauce.e sauce.
000088.jpg,"Eggs Benedict covered in sauce, beside a fruit medley.",crispy fried chicken wings with golden fries and dipping sauce. fries.
000089.jpg,"Colorful rice bowl with egg yolk, vegetables, and sauce.",crispy fried chicken wings with green onions and fresh green onions.
000090.jpg,Crispy fried pastries served with dipping sauces and salad.,crispy fried chicken wings with golden fries and dipping sauce. fries.
000091.jpg,"English muffin sandwich with egg, peppers, and spinach.",crispy fried chicken wings with golden fries and dipping sauce. fries.
000092.jpg,"Hot dog with toppings, pizza slice in background.",crispy fried chicken wings with a side of dipping sauces.
000093.jpg,"Caprese salad with fresh mozzarella, tomatoes, and basil.",crispy fried chicken wings with green onions and a side of sauce.
000094.jpg,Slice of cheesecake with dark berry topping.,crispy fried rice with a side of a side of sauce.
000095.jpg,Creamy soup with herbs in a white bowl.,crispy fried chicken wings with powdered sugar and dipping sauces.
000096.jpg,Golden french fries spilling from a white cup.,crispy fried chicken wings with golden fries and dipping sauce. fries.
000097.jpg,"Creamy soup, garnished with fresh green herbs.",crispy fried chicken wings with melted cheese and dipping sauces.e.
000098.jpg,"Square-cut pizza with pepperoni, olives, and mushrooms.",crispy fried chicken wings with vibrant green onions..
000099.jpg,"Omelet with tomatoes, served with fresh strawberries.",crispy fried chicken wings with powdered sugar and a side of sauce.
000100.jpg,"Eggs Benedict with potatoes, grapes, and sliced fruit.",crispy fried chicken wings with a side of sauce.e sauce.
000101.jpg,"Eggs Benedict, hollandaise sauce, and colorful roasted vegetables.",crispy fried chicken wings with green onions and fresh green onions.
000102.jpg,Baked crumble pie in a round metal pan.,crispy fried chicken wings with a side of sauce..
000103.jpg,Colorful rice bowl with egg yolk and mixed vegetables.,crispy fried chicken wings with green onions and fresh green onions.e.
000104.jpg,Spicy chicken wings served with creamy dipping sauce.,crispy fried chicken wings with golden fries and dipping sauce. fries.
000105.jpg,"Eggs Benedict, crispy potatoes, and a fresh orange slice.",crispy fried chicken wings with a side of sauce.e sauce.
000106.jpg,Multilayered carrot cake with rich cream cheese frosting.,crispy fried rice with a side of a side of sauce.
000107.jpg,"Assorted cheeses, bread, dried apricots, almonds, and jam.",crispy fried chicken wings with a side of sauce.e sauce.
000108.jpg,"Golden waffles with whipped cream, strawberries, and syrup.",crispy fried rice with a side of sauce.e sauce.
000109.jpg,Savory fried rice with visible meat and green onions.,crispy fried chicken wings with green onions and fresh green salad..
000110.jpg,Creamy vegetable soup in a white two-handled bowl.,crispy fried rice with a side of a side of sauce.
000111.jpg,"Fresh, chunky guacamole in a dark, textured bowl.",crispy fried chicken wings with a side of sauce.e sauce.
000112.jpg,Assorted sushi and sashimi on elegant wooden serving boards.,crispy fried rice with a side of green onions.e.
000113.jpg,Diced tomato salad with crisp plantain chips.,crispy fried rice with egg and fresh green onions.e.
000114.jpg,Creamy dessert slices topped with dark blueberry compote.,crispy fried chicken wings with a side of sauce.e sauce.
000115.jpg,"Red tartare with yolk, crisps, and sauce drizzle.",crispy fried chicken wings with golden fries and dipping sauce. fries.
000116.jpg,"Three sweet, powdered sugar-dusted pastries on a plate.",crispy fried chicken wings with fresh green onions.e sauce.
000117.jpg,White frosted cake topped with marzipan carrots.,crispy fried rice with a white frosting.e sauce.
000118.jpg,Layered chocolate cake with dots and a hazelnut.,crispy fried rice with melted cheese and dipping sauces.e.
000119.jpg,Golden brown battered fish served with crispy french fries.,crispy fried chicken wings with golden fries and crispy topping..
000120.jpg,Pie slice with whipped cream next to coffee.,crispy fried rice with a side of dipping sauce.
000121.jpg,Fresh green guacamole with vibrant vegetable chunks and a refreshing drink.,crispy fried chicken wings with green onions and fresh green onions.e.
000122.jpg,Crispy golden spring roll with a side of dipping sauce.,crispy fried rice with a side of a side of sauce.
000123.jpg,Golden tortilla chips and cheesy quesadillas with fresh toppings.,crispy fried rice with a side of golden fries..
000124.jpg,"Savory curry with white rice, mushrooms, and green peppers.","crispy fried chicken wings with sauce, fresh green onions.."
000125.jpg,Assortment of sweet pastries and cream-filled cannoli on display.,crispy fried chicken wings with egg and fresh green onions.e sauce.
000126.jpg,Layered pastry with flaky crust and sweet chopped nuts.,crispy fried chicken wings with vibrant green onions..
000127.jpg,"Raw beef tartare with chives, salad, and fries.",crispy fried chicken wings with green onions and fresh green onions.
000128.jpg,Cannoli with chocolate chips and powdered sugar on brown plate.,crispy fried chicken wings with powdered sugar and a side of sauce.
000129.jpg,"Assorted cheeses, bread, crackers, and pickled vegetables.",crispy fried chicken wings with green onions and fresh green salad..
000130.jpg,Crispy battered fish with golden fries and tartar sauce.,crispy fried chicken wings with golden fries and dipping sauce. fries.
000131.jpg,"Fried patties topped with zucchini, sesame, and fresh salad.",crispy fried chicken wings with green onions and fresh salad..
000132.jpg,"Chocolate dessert with stars, banana slices, and syrup swirls.",crispy fried chicken wings with fresh green onions.e sauce.
000133.jpg,"A bowl of golden, crispy french fries.",crispy fried chicken wings with golden fries and dipping sauce. fries.
000134.jpg,"Pizza with various toppings, neatly sliced on a tray.",crispy fried chicken wings with green onions and a side of sauce.
000135.jpg,"Snails in a rich, dark sauce with a side of toast.",crispy fried rice with a side of dipping sauces.
000136.jpg,"Flaky, golden pastries individually wrapped in paper cups.",crispy fried chicken wings with golden fries and crispy toppings.
000137.jpg,A slice of cheesecake with blueberry topping and whipped cream.,crispy fried rice with a side of dipping sauces.
000138.jpg,Golden french fries piled high with red ketchup.,crispy fried fish and golden fries with a side of dipping sauce.
000139.jpg,"Golden fried dough with sugar, served with berry sauce.",crispy fried rice with a side of a side of sauce.
000140.jpg,Creamy chowder soup with seasoning in a white bowl.,crispy fried rice with a side of a side of sauce.
000141.jpg,"Decadent chocolate cake slice, dusted with cocoa powder.",crispy fried chicken wings with a side of a side of sauce.
000142.jpg,Golden quesadillas with salsa and sour cream.,crispy fried rice with egg and green onions. fries.
000143.jpg,Sweet pastry with ice cream and fresh herbs.,crispy fried chicken wings with a side of sauce.e sauce.
000144.jpg,Steamed mussels in rich sauce with crusty bread.,crispy fried chicken wings with a side of sauce.e sauce.
000145.jpg,Fluffy pastries generously dusted with white powdered sugar.,crispy fried chicken wings with golden fries and dipping sauce.e.
000146.jpg,"Eggs benedict and roasted potatoes, rich yellow sauce.",crispy fried chicken wings with green onions and a side of sauce.
000147.jpg,Poached eggs and ham on muffins with creamy sauce.,crispy fried chicken wings with a side of sauce.e sauce.
000148.jpg,Assorted ceviches and popcorn in small decorative bowls.,crispy fried chicken wings with powdered sugar and a side of sauce.
000149.jpg,"Burger with sesame bun, rich sauce, and fries.",crispy fried rice with a side of sauce.e.
000150.jpg,"Spring roll on a leaf, garnished with crushed nuts.",crispy fried chicken wings with a side of dipping sauces.
000151.jpg,Sliced red meat with a yellow sauce drizzle.,crispy fried rice with a side of dipping sauce.
000152.jpg,"Ribs, fried shrimp, onion rings, and crispy fries.",crispy fried rice with a side of dipping sauces.
000153.jpg,Fresh green arugula salad with colorful vegetables and cheese.,crispy fried chicken wings with green onions and fresh green onions.
000154.jpg,Pizza topped with fresh cherry tomatoes and basil leaves.,crispy fried rice with egg and fresh greens..
000155.jpg,"Hearty curry with vegetables and meat, alongside white rice.",crispy fried rice with a side of sauce.e sauce.
000156.jpg,Spicy buffalo wings with fresh celery and dipping sauce.,crispy fried chicken wings with crispy fries and dipping sauce. fries.
000157.jpg,Cheesy sandwich with fried egg and fresh salad.,crispy fried chicken wings with green onions and a side of sauce.
000158.jpg,Assorted colorful macarons neatly arranged in a decorative box.,crispy fried chicken wings with a side of sauce.e sauce.
000159.jpg,Steamed mussels with bread and fresh parsley garnish.,crispy fried chicken wings with a side of sauce.e sauce.
000160.jpg,Hot soup with noodles and mushrooms being served.,crispy fried rice with a side of dipping sauce.
000161.jpg,Golden brown falafel patties served with a creamy dip.,crispy fried rice with melted cheese and dipping sauces.e.
000162.jpg,Escargots in shells with herb butter.,crispy fried chicken wings with a side of sauce.e sauce.
000163.jpg,Golden fried fish with crispy fries and two sauces.,crispy fried chicken wings with golden fries and crispy toppings.
000164.jpg,Hearty egg omelet over noodles in a rich broth.,crispy fried chicken wings with green onions and a side of sauce.
000165.jpg,Rustic bread with various cheeses and savory spreads.,crispy fried chicken wings with a side of sauce.e sauce.
000166.jpg,Rich chocolate cake slice with cocoa powder topping.,crispy fried rice with a side of sauce.e sauce.
000167.jpg,Multiple plates of eggs Benedict with crispy home fries.,crispy fried chicken wings with green onions and fresh green onions.
000168.jpg,"Juicy burger with cheese, bacon, pickles, and fries.",crispy fried chicken wings with green onions and a side of sauce.
000169.jpg,Golden brown pancakes with syrup on a white plate.,crispy fried chicken wings with golden fries and dipping sauce.e.
000170.jpg,Savory beef tartare served with crispy potato chips.,crispy fried chicken wings with green onions and fresh green onions. fries.
000171.jpg,"Toasted bread with tomato, cheese, and dried herbs.",crispy fried chicken wings with fresh green onions.e sauce.
000172.jpg,Rich chocolate cake slice topped with powdered sugar.,crispy fried rice with a side of sauce.e sauce.
000173.jpg,Fluffy pancakes with a scoop of ice cream and powdered sugar.,crispy fried chicken wings with powdered sugar and a side of dipping sauce.
000174.jpg,Spaghetti with meat sauce and grated cheese.,crispy fried rice with a side of dipping sauces.
000175.jpg,Crispy fried calamari with lemon and dipping sauce.,crispy fried chicken wings with green onions and fresh green onions.
000176.jpg,Eggs Benedict with hash browns and a creamy drink.,crispy fried chicken wings with a side of sauce.e sauce.
000177.jpg,Dome-shaped fried rice with eggs and vegetables.,crispy fried chicken wings with green onions and fresh green onions.
000178.jpg,Golden French toast with sliced bananas and nuts.,crispy fried rice with a side of dipping sauce.
000179.jpg,Golden fried dough balls heavily dusted with powdered sugar.,crispy fried chicken wings with powdered sugar and a side of dipping sauce.
000180.jpg,Dessert ramekin with berry sauce and fresh raspberries.,crispy fried rice with a side of a side of sauce.
000181.jpg,Three assorted cannoli dusted with powdered sugar and toppings.,crispy fried chicken wings with vibrant green onions..
000182.jpg,Grilled pork chops topped with fresh green cilantro.,crispy fried chicken wings with green onions and a side of sauce.
000183.jpg,"Curry, pea rice, and naan bread on a plate.",crispy fried chicken wings with a side of dipping sauces.
000184.jpg,Sticky glazed chicken wings with sauce and vegetable sticks.,crispy fried chicken wings with a side of dipping sauces.
000185.jpg,Saucy baked escargots with a dark herb crust.,crispy fried rice with a side of dipping sauce.
000186.jpg,"Golden fried fish, crispy fries, lemon, and tartar sauce.",crispy fried chicken wings with golden fries and dipping sauce. fries.
000187.jpg,Creamy soup in a brown bowl with crackers.,crispy fried chicken wings with powdered sugar and a side of sauce.
000188.jpg,"Layered dish with sauces, herbs, and crispy toppings.",crispy fried chicken wings with green onions and a side of sauce.
000189.jpg,"Seafood salad with octopus, corn, and green herbs.",crispy fried chicken wings with green onions and fresh salad..
000190.jpg,Toasted bread with diced tomatoes and fresh greens.,crispy fried chicken wings with green onions and fresh green onions.
000191.jpg,"Egg dish in gravy, topped with peas and red garnish.",crispy fried chicken wings with powdered sugar and dipping sauces.
000192.jpg,"Grilled wrap with egg, meat, and avocado filling.",crispy fried rice with fresh green salad and fresh green onions.
000193.jpg,Three golden fried dumplings on shredded cabbage.,crispy fried chicken wings with golden fries and crispy toppings.
000194.jpg,"A cluster of dark brown, fried, spherical bites.",crispy fried chicken wings with a side of a side of sauce.
000195.jpg,"Beef tartare with green salad, radish slices, and chips.",crispy fried chicken wings with powdered sugar and a side of sauce.
000196.jpg,Hearty soup with bubbling melted cheese on top.,"crispy fried fish, golden fries, and a white bowl."
000197.jpg,Golden pastry topped with a generous dollop of white foam.,crispy fried rice with a side of a side of sauce.
000198.jpg,Poached eggs on pulled pork with hollandaise and chives.,crispy fried chicken wings with green onions and a side of sauce.
000199.jpg,Golden brown baked chicken wings seasoned with herbs.,crispy fried rice with a side of golden fries. fries.
000200.jpg,Crispy fried fish and golden chips with sauce.,crispy fried chicken wings with golden fries and dipping sauce. fries.
000201.jpg,Chocolate mousse dome with whipped cream and garnish.,crispy fried rice with a side of dipping sauces.
000202.jpg,Chocolate dessert topped with cream and strawberry.,crispy fried rice with a side of a side of sauce.
000203.jpg,Layered carrot cake slice with cream and sauce.,crispy fried rice with a side of dipping sauce.
000204.jpg,"Chocolate cake with strawberries, walnuts, and lemon zest.",crispy fried chicken wings with a side of dipping sauces.
000205.jpg,"Golden cannoli, powdered sugar, chocolate chips on white plate.",crispy fried chicken wings with powdered sugar and a side of sauce.
000206.jpg,"Rich red curry with chicken, swirled with white cream.",crispy fried rice with a side of dipping sauces.
000207.jpg,"Traditional Japanese meal with rice, chicken, vegetables, and soup.",crispy fried chicken wings with fresh green onions.e sauce.
000208.jpg,Warm berry crumble dessert with fresh blackberries.,crispy fried chicken wings with a side of dipping sauces.
000209.jpg,Fresh oysters on ice with sauce and lemon.,crispy fried chicken wings with a side of dipping sauces.
000210.jpg,Egg sandwich with runny yolk and fresh greens.,crispy fried rice with fresh green onions and fresh green onions.
000211.jpg,"Two cannoli with cream, powdered sugar, and pistachios.",crispy fried chicken wings with powdered sugar and a side of sauce.
000212.jpg,Tartare with fresh greens and a green sauce drizzle.,crispy fried chicken wings with green onions and fresh green onions.
000213.jpg,"Dessert with whipped cream, berry sauce, and a lit candle.",crispy fried rice with a side of a side of sauce.
000214.jpg,"Crisp lettuce salad with croutons, bacon bits, and cheese.",crispy fried chicken wings with green onions and fresh green onions.
000215.jpg,Grilled ribs and golden french fries on a plate.,crispy fried rice with a side of dipping sauce.
000216.jpg,"Large, warm burrito wrapped in shiny foil.",crispy fried chicken wings with powdered sugar and a side of dipping sauce.
000217.jpg,Decadent chocolate cake with shiny chocolate spheres.,crispy fried chicken wings with a side of dipping sauces.
000218.jpg,Fresh raw oysters served on a bed of ice.,crispy fried rice with fresh green onions..
000219.jpg,"Juicy sliced meat, creamy mashed potatoes, and sweet corn.",crispy fried rice with melted cheese and dipping sauces.e.
000220.jpg,Vibrant yellow tomato slices with fresh basil and mozzarella.,crispy fried chicken wings with fresh green onions.e sauce.
000221.jpg,Rich chocolate cake slice with elegant chocolate sauce drizzle.,crispy fried chicken wings with a white frosting.e sauce.
000222.jpg,"Finely chopped raw meat, garnished with herbs and oil.",crispy fried chicken wings with a side of dipping sauces.
000223.jpg,Swirled ice cream topped with chocolate drizzle and nuts.,crispy fried chicken wings with green onions and a side of sauce.
000224.jpg,"Golden fried fish, crispy fries, coleslaw, and lemon.","crispy fried chicken wings with crispy, golden fries, sour cream, and fresh green onions."
000225.jpg,Thinly sliced red meat with cheese shavings and pine nuts.,crispy fried chicken wings with a side of sauce.e sauce.
000226.jpg,Fried chicken wings and a round waffle in containers.,crispy fried rice with melted cheese and fresh herbs.e.
000227.jpg,"Tomato, mozzarella, and basil skewers with fresh parsley.",crispy fried chicken wings with green onions and fresh salad..
000228.jpg,"Creamy orange soup with a spoon, sprinkled with pepper.",crispy fried rice with a side of a side of sauce.
000229.jpg,White cake with dark glossy top and chocolate garnish.,crispy fried rice with a side of sauce..
000230.jpg,Toasted bread topped with fresh diced tomatoes and arugula.,crispy fried chicken wings with green onions and fresh green onions.
000231.jpg,"Thinly sliced meat, fresh green salad, balsamic glaze.",crispy fried chicken wings with green onions and fresh salad..
000232.jpg,"Salmon with creamy sauce, green vegetables, and dill.",crispy fried chicken wings with green onions and a side of sauce.
000233.jpg,Crispy fried chicken pieces and golden tater tots.,crispy fried rice with a side of dipping sauces.
000234.jpg,"Burger with patty, fresh lettuce, tomato, onion.",crispy fried chicken wings with green onions and fresh green onions.
000235.jpg,Warm pudding with fruit and syrup in a bowl.,crispy fried rice with a side of a side of sauce.
000236.jpg,"Crusted bone-in chop, fresh greens, and rich sauce.",crispy fried chicken wings with vibrant green onions..
000237.jpg,Sunny-side up egg on rice with fresh vegetables.,crispy fried chicken wings with a side of sauce.e sauce.
000238.jpg,"Caramelized sugar topping on creamy dessert, visibly cracked.",crispy fried rice with a side of a side of sauce.
000239.jpg,"Toasted bread with diced tomatoes, onions, and olives.",crispy fried chicken wings with green onions and a side of sauce.
000240.jpg,Fluffy pastries generously covered in powdered sugar.,crispy fried rice with powdered sugar and a side of sauce.
000241.jpg,Rich chocolate dessert in a clear ramekin.,crispy fried chicken wings with a side of sauce.e.
000242.jpg,Crispy fried calamari with three distinct dipping sauces.,"crispy fried chicken wings with crispy, golden fries, sour cream, and fresh green onions."
000243.jpg,"Golden French toast, melting butter, and amber syrup.",crispy fried chicken wings with golden fries and dipping sauce. fries.
000244.jpg,"Beef tartare with raw egg yolk, parsley, and toast.",crispy fried rice with egg and crispy sauce..
000245.jpg,Fresh tomato and basil bruschetta with golden grilled bread.,crispy fried chicken wings with crispy fries and dipping sauce. fries.
000246.jpg,Thinly sliced meat topped with arugula and red peppers.,crispy fried chicken wings with powdered sugar and a side of sauce.
000247.jpg,Hot dog in a bun with red sauce.,crispy fried rice with a side of a side of sauce.
000248.jpg,Colorful seafood dish with corn and vegetables in sauce.,crispy fried chicken wings with green onions and fresh salad..
000249.jpg,A paper tray filled with golden french fries.,crispy fried chicken wings with golden fries and dipping sauce. fries.
000250.jpg,"Round cheesecake with chocolate drizzle, dark background.",crispy fried rice with powdered sugar and a side of sauce.
000251.jpg,Platter of assorted sushi with ginger and wasabi.,crispy fried rice with egg and crispy toppings.
000252.jpg,Chicken drumsticks and rice in a yellow curry sauce.,crispy fried chicken wings with a side of dipping sauces.
000253.jpg,Crispy fried fish with sweet potato fries and green herbs.,crispy fried rice with fresh green onions. fries..
000254.jpg,Golden french fries served on a white plate.,crispy fried chicken wings with a side of golden fries..
000255.jpg,"Poached eggs with salmon, hollandaise, and fresh greens.",crispy fried chicken wings with green onions and fresh salad..
000256.jpg,Small round pizza with melted cheese and vegetable toppings.,crispy fried chicken wings with green onions and a side of sauce.
000257.jpg,Glazed chicken wings garnished with fresh green cilantro.,crispy fried chicken wings with green onions and a side of sauce.
000258.jpg,"Poached eggs, ham, spinach, hollandaise, and grilled tomato.",crispy fried chicken wings with powdered sugar and a side of sauce.
000259.jpg,Golden pastry triangle and crispy fried dough sticks.,crispy fried chicken wings with golden fries and dipping sauce. fries.
000260.jpg,Large savory wrap with a side of crispy potatoes.,crispy fried chicken wings with crispy fries and dipping sauce. fries.
000261.jpg,Crispy fried chicken pieces with golden waffle fries.,crispy fried chicken wings with golden fries and dipping sauce. fries.
000263.jpg,"Cream-filled cannoli with chocolate-dipped ends, dusted with sugar.",crispy fried chicken wings with fresh green onions.e sauce.
000264.jpg,"Glazed ribs, crispy fries, and a side of dipping sauce.",crispy fried chicken wings with golden fries and dipping sauce. fries.
000265.jpg,Creamy eggs benedict with rich hollandaise sauce.,crispy fried chicken wings with green onions and a side of sauce.
000266.jpg,"Crispy cannoli filled with cream, dusted with sugar.",crispy fried chicken wings with melted cheese and dipping sauces.e.
000267.jpg,"Golden, flaky baklava with crushed nuts on top.",crispy fried chicken wings with golden fries and dipping sauce. fries.
000268.jpg,Eggs benedict with pulled pork and crispy roasted potatoes.,crispy fried chicken wings with a side of sauce.e sauce.
000269.jpg,"Vibrant salad with roasted beets, chickpea balls, and arugula.",crispy fried chicken wings with green onions and fresh salad..
000270.jpg,"Warm, golden naan bread in a woven basket.",crispy fried chicken wings with golden fries and dipping sauce. fries.
000271.jpg,Four crispy cannoli with creamy white filling.,crispy fried chicken wings with powdered sugar and a side of sauce.
000272.jpg,Thinly sliced red meat with cheese shards and lemon.,crispy fried chicken wings with powdered sugar and a side of sauce.
000273.jpg,"Stack of fluffy, golden-brown pancakes.",crispy fried chicken wings with a side of dipping sauce.
000274.jpg,"Seafood paella with shrimp, mussels, and lemon wedges.",crispy fried chicken wings with a side of sauce.e sauce.
000275.jpg,White fish ceviche with diced tomatoes and a lime wedge.,crispy fried chicken wings with green onions and fresh green salad..
000276.jpg,Hearty orange-red soup with green bell pepper pieces.,crispy fried rice with melted cheese and dipping sauces.e.
000277.jpg,Fried seafood platter with crispy fries and cheesy macaroni.,crispy fried chicken wings with golden fries and dipping sauce. fries.
000278.jpg,"Crispy chicken wings, baked mac and cheese, and fresh veggies.",crispy fried rice with a side of dipping sauces.
000279.jpg,Fluffy blueberry pancakes topped with whipped cream and parsley.,crispy fried rice with powdered sugar and a side of sauce.
000280.jpg,Steamed bun with savory pork and fresh green onions.,crispy fried rice with a side of a side of sauce.
000281.jpg,"Creamy, chunky soup with a side of crackers.",crispy fried chicken wings with a side of dipping sauces.
000282.jpg,"Fried fish with lime slices, potato wedges, and fresh salad.",crispy fried chicken wings with a side of sauce.e sauce.
000283.jpg,"Golden churros, chocolate drizzle, and vanilla ice cream.",crispy fried chicken wings with powdered sugar and dipping sauces.
000284.jpg,"Glazed ribs, crispy potato wedges, and colorful coleslaw.",crispy fried chicken wings with a side of sauce.e sauce.
000285.jpg,"Poached eggs with hollandaise sauce, served with potatoes.",crispy fried chicken wings with fresh green onions.e sauce.
000286.jpg,Toasted bread with rustic red tomato topping.,crispy fried chicken wings with powdered sugar and a side of sauce.
000287.jpg,"Fresh seafood salad, avocado, lettuce cup, and lime.",crispy fried chicken wings with green onions and fresh salad..
000288.jpg,"Golden, flaky pastries soaked in sweet syrup.",crispy fried chicken wings with golden fries and dipping sauce. fries.
000289.jpg,Classic burger with fresh vegetables and creamy sauce.,crispy fried chicken wings with powdered sugar and a side of sauce.
000290.jpg,"Steak tartare with yolk, toasted bread, and herbs.",crispy fried rice with a side of dipping sauce.
000291.jpg,Cheesy nachos piled high with guacamole and toppings.,crispy fried chicken wings with green onions and fresh green onions.
000292.jpg,Steaming hot soup with broth and green onions.,crispy fried chicken wings with fresh green onions.e sauce.
000293.jpg,"Assorted colorful macarons, stacked and beautifully arranged.",crispy fried rice with a side of dipping sauces.
000294.jpg,"Sizzling hot plate with rice, vegetables, and meat.",crispy fried chicken wings with green onions and fresh salad..
000295.jpg,"Shrimp, corn, and avocado salad on a dark plate.",crispy fried calamari with green onions and fresh salad..
000296.jpg,Glazed ribs with a side of corn and fries.,crispy fried rice with a side of sauce.e sauce.
000297.jpg,"Thin sliced meat with cheese, arugula, and lemon.",crispy fried chicken wings with a side of sauce.e sauce.
000298.jpg,Five golden-brown pan-fried dumplings on a white plate.,crispy fried chicken wings with crispy fries and dipping sauce. fries.
000299.jpg,"Baked pasta with bubbly, golden-brown melted cheese.",crispy fried chicken wings with green onions and fresh salad..
000300.jpg,Eggs Benedict with salad and an orange slice.,crispy fried chicken wings with green onions and fresh green onions.
000301.jpg,Vibrant orange soup with fresh green herb garnish.,crispy fried rice with a side of a side of sauce.
000302.jpg,Golden quesadilla triangles with fresh guacamole and toppings.,crispy fried chicken wings with green onions and fresh green onions.e.
000303.jpg,"Crispy fried fish, golden fries, coleslaw, and lemon wedge.",crispy fried chicken wings with golden fries and crispy toppings.
000304.jpg,Colorful bowl of various cooked vegetables including lotus slices.,crispy fried chicken wings with green onions and fresh green onions.
000305.jpg,"Powdered sugar dusted French toast, soft and inviting.",crispy fried chicken wings with golden fries and dipping sauce.e.
000306.jpg,"Creamy, chunky soup in a bowl with a spoon.",crispy fried chicken wings with fresh green onions.e sauce.
000307.jpg,Layered purple and white dessert with a crunchy base.,crispy fried rice with a side of a side of sauce.
000308.jpg,"Savory stew, rice, corn, and plantains on green plate.",crispy fried chicken wings with green onions and fresh green onions.
000309.jpg,Crispy fried seafood with sauce and lemon wedge.,crispy fried chicken wings with green onions and fresh green onions.
000310.jpg,Falafel balls on a bed of chopped tomatoes.,crispy fried chicken wings with a side of dipping sauces.
000311.jpg,"Caprese salad with fresh mozzarella, tomato, and basil.",crispy fried chicken wings with a side of sauce.e sauce.
000312.jpg,"Sushi rolls topped with avocado, sesame, and shredded crab.",crispy fried chicken wings with powdered sugar and a side of sauce.
000313.jpg,Fresh green salad with orange segments and walnuts.,crispy fried chicken wings with green onions and fresh green onions.
000314.jpg,Stacked tomato and mozzarella with pesto on arugula.,crispy fried chicken wings with green onions and fresh salad..
000315.jpg,Snails in shells with green herb sauce.,crispy fried rice with a side of dipping sauce.
000316.jpg,"Chocolate dessert with cocoa powder, strawberries, and mint.",crispy fried rice with powdered sugar and a side of sauce.
000317.jpg,"Mexican dish with cheesy quesadillas, rice, and fresh salsa.",crispy fried chicken wings with green onions and fresh green onions. fries.
000318.jpg,Cold soba noodles served with assorted small accompaniments.,crispy fried chicken wings with egg and fresh green onions.e sauce.
000319.jpg,Colorful ceviche with fresh cilantro and crunchy corn tortillas.,"crispy fried chicken wings with sauce, cheese, cheese, and fresh green onions."
000320.jpg,"Golden eggs Benedict with hash browns, a classic breakfast.",crispy fried chicken wings with vibrant green onions..
000321.jpg,"Saucy chicken wings in a wooden bowl, ready to enjoy.",crispy fried rice with a side of dipping sauce.
000322.jpg,Loaded nachos topped with fresh vegetables and melted cheese.,crispy fried chicken wings with green onions and fresh salad..
000323.jpg,Delicious blueberry cheesecake slice with sauce and whipped cream.,crispy fried rice with a side of dipping sauces.
000324.jpg,Sweet dessert generously dusted with powdered sugar and chocolate.,crispy fried rice with powdered sugar and a side of sauce.
000325.jpg,Golden fried fish with crispy fries and dipping sauces.,crispy fried chicken wings with crispy fries and dipping sauce. fries.
000326.jpg,Toasted bread topped with fresh diced tomatoes and basil.,crispy fried chicken wings with green onions and a side of sauce.
000327.jpg,Steamed mussels in a savory sauce with lemon.,crispy fried chicken wings with powdered sugar and a side of sauce.
000328.jpg,Two crispy crab cakes with fries and applesauce.,crispy fried chicken wings with golden fries and dipping sauce. fries.
000329.jpg,"Assorted bruschetta with fresh tomato, mozzarella, and basil.",crispy fried chicken wings with fresh green onions.e sauce.
000330.jpg,Sweet fried dough balls dusted with powdered sugar.,crispy fried chicken wings with powdered sugar and a side of dipping sauce.
000331.jpg,"Assortment of fried, roasted, and shelled dishes on wood.",crispy fried chicken wings with a side of sauce.e sauce.
000333.jpg,Sliced marbled meat with green paste and fresh salad.,crispy fried chicken wings with green onions and a side of sauce.
000334.jpg,"Couscous with curry sauce, sprouts, and fresh vegetables.",crispy fried chicken wings with fresh green onions.e sauce.
000335.jpg,Creamy yellow soup with visible chunks in white bowl.,crispy fried rice with a side of dipping sauces.
000336.jpg,"Seafood paella with mussels, squid, and lemon wedges.",crispy fried rice with a side of dipping sauces.
000337.jpg,"Roasted chicken, large pasta stew, and fresh bread.",crispy fried rice with melted cheese and dipping sauces.e.
000338.jpg,Golden quesadilla wedges with a variety of dipping sauces.,crispy fried chicken wings with golden fries and dipping sauce. fries.
000339.jpg,"Assorted sushi, fried rice, and stir-fried chicken.",crispy fried chicken wings with egg and fresh green onions.e sauce.
000340.jpg,Quinoa base topped with vibrant green leafy vegetables.,crispy fried chicken wings with green onions and fresh green onions.
000341.jpg,Hearty red soup with cauliflower florets and zucchini chunks.,crispy fried chicken wings with fresh green onions.e sauce.
000342.jpg,"Cheeseburger with melted cheese, crispy fries, and lettuce.",crispy fried chicken wings with golden fries and crispy toppings.
000343.jpg,"Two large calzones, one with visible tomato sauce.",crispy fried rice with a white frosting.e sauce.
000344.jpg,"Fried rice with green beans, mushrooms, and spring rolls.",crispy fried chicken wings with a side of dipping sauces.
000345.jpg,"Pasta, seared salmon, mixed vegetables, and a creamy soup.",crispy fried chicken wings with a side of sauce.e sauce.
000346.jpg,Fresh guacamole served in a stone molcajete bowl.,crispy fried rice with a side of a side of sauce.
000347.jpg,"Japanese breakfast: rice, miso soup, and egg omelet.",crispy fried chicken wings with a side of sauce.e sauce.
000348.jpg,"Hearty stew with meat and potatoes, served with bread.",crispy fried chicken wings with a side of sauce.e sauce.
000349.jpg,Fresh green salads and cooked protein on white plates.,"crispy fried chicken wings with sauce, cheese, cheese, and fresh green onions."
000350.jpg,Elaborate spread with roasted meat and decorated savory cakes.,crispy fried chicken wings with powdered sugar and a side of sauce.
000351.jpg,Hearty white bean soup with herbs and crusty bread.,crispy fried chicken wings with a side of green onions.e.
000352.jpg,"Grilled eggplant, zucchini, peppers, and sun-dried tomatoes.",crispy fried chicken wings with green onions and a side of sauce.
000353.jpg,"Roasted turkey, green beans, and carrots on a table.",crispy fried rice with a side of a side of sauce.
000354.jpg,"Sweet dates, golden flatbread, and sauces on plates.",crispy fried rice with melted cheese and dipping sauces.e.
000355.jpg,"Grilled meat, roasted potatoes, and colorful side dishes.",crispy fried chicken wings with green onions and a side of sauce.
000356.jpg,Fresh fruit tarts with assorted colorful toppings.,crispy fried chicken wings with green onions and a side of sauce.
000357.jpg,Warm tea and a small pastry on wooden table.,crispy fried rice with melted cheese and dipping sauce.e.
000358.jpg,Golden omelette with fresh sliced cucumber salad.,crispy fried chicken wings with green onions and fresh green onions.e sauce.
000359.jpg,Burgers and fries served on metal trays.,crispy fried rice with a side of a side of sauce.
000360.jpg,"Colorful salad with pomegranate, avocado, citrus, and beans.",crispy fried chicken wings with green onions and fresh green onions.
000361.jpg,"Fried eggs with bright yellow, runny yolks.",crispy fried rice with melted cheese and dipping sauce.e.
000362.jpg,A bowl of ice cream with cream puffs and chocolate.,crispy fried chicken wings with a side of dipping sauces.
000363.jpg,"Whole baked fish with tomatoes, olives, and lemon.",crispy fried chicken wings with a side of sauce.e sauce.
000364.jpg,"Full breakfast plate with eggs, bacon, beans, potatoes, toast.",crispy fried chicken wings with green onions and a side of sauce.
000365.jpg,Fresh green salad with tortellini pasta.,crispy fried chicken wings with a side of dipping sauces.
000366.jpg,"Dessert with sweet white and caramel drizzle, strawberry garnish.",crispy fried chicken wings with golden fries and dipping sauce. fries.
000367.jpg,"Grilling chicken, zucchini, bell peppers; raw marinated meat.",crispy fried chicken wings with green onions and fresh salad..
000368.jpg,"Assorted sushi, salads, and drinks in takeout containers.",crispy fried chicken wings with green onions and a side of sauce.
000369.jpg,Powdered sugar-dusted pastries beside a cup of iced coffee.,crispy fried rice with a side of dipping sauce.
000370.jpg,"Sandwiches, salads, chicken wings, and beverages on picnic table.",crispy fried chicken wings with a side of dipping sauces.
000371.jpg,"Traditional Japanese meal set with rice, soup, and sides.",crispy fried chicken wings with a side of dipping sauces.
000372.jpg,Three fried eggs in oil with seasoning.,crispy fried chicken wings with a side of dipping sauces.
000373.jpg,"Meat, potatoes, and vibrant peppers in golden sunlight.",crispy fried chicken wings with green onions and a side of sauce.
000374.jpg,Green rice with bright orange shredded carrots.,crispy fried chicken wings with a side of sauce.e sauce.
000375.jpg,"Plates of stir-fry, crispy chips, and scrambled egg.",crispy fried chicken wings with a side of sauce.e sauce.
000376.jpg,"Noodles, meatballs, green beans, and shredded cheese.",crispy fried chicken wings with a side of dipping sauces.
000377.jpg,Chocolate drip cake with piped frosting and candy.,crispy fried chicken wings with powdered sugar and a side of sauce.
000378.jpg,"Fish fillets, steamed vegetables, and decorative breadstick.",crispy fried chicken wings with powdered sugar and a side of sauce.
000379.jpg,"Fluffy scrambled eggs and warm folded flatbreads, ready for breakfast.",crispy fried chicken wings with melted cheese and dipping sauces.e.
000380.jpg,"Savory fried rice with meat, cabbage, topped with egg.",crispy fried chicken wings with green onions and fresh salad..
000381.jpg,Golden flatbreads and creamy scrambled eggs on a simple tray.,crispy fried chicken wings with melted cheese and dipping sauces.e.
000382.jpg,Juicy cheeseburger with fresh toppings and a side of beans.,crispy fried chicken wings with golden fries and dipping sauce.e.
000383.jpg,"Fresh fruit salad with grapes, peaches and small pastries.",crispy fried chicken wings with fresh green onions.e sauce.
000384.jpg,A lavish spread of various savory and sweet dishes.,crispy fried chicken wings with a side of sauce.e sauce.
000385.jpg,"Assorted pizza slices with tomato, zucchini, and cheese toppings.",crispy fried chicken wings with green onions and fresh green onions.
000386.jpg,Fruit and chocolate skewer drizzled with rich chocolate sauce.,crispy fried chicken wings with fresh green onions.e sauce.
000387.jpg,"A feast of rice, meat, and fresh salads.",crispy fried chicken wings with a side of sauce.e sauce.
000388.jpg,White frosted cake slice with raspberry filling and sprinkles.,crispy fried rice with a side of sauce.e sauce.
000389.jpg,"Seafood plate with shrimp, fish, broccoli, and potatoes.",crispy fried chicken wings with green onions and a side of sauce.
000390.jpg,"Abundant spread of roasted meat, salads, and grilled dishes.","crispy fried chicken wings with sauce, cheese, cheese, and sauce.e."
000391.jpg,"Toasted sandwich with melted cheese, ham, egg, and fries.",crispy fried chicken wings with golden fries and dipping sauce. fries.
000392.jpg,"Freshly chopped vegetables, corn, and ingredients on a counter.",crispy fried chicken wings with green onions and fresh green onions.
000393.jpg,"Plate of potato wedges, lentils, carrots, and mixed greens.",crispy fried rice with egg and green onions.e.
000394.jpg,"Whole fish baked with potatoes, carrots, and colorful peppers.",crispy fried chicken wings with fresh green onions.e sauce.
000395.jpg,"Hearty stew, fresh salads with eggs, and green olives.",crispy fried chicken wings with green onions and fresh green onions.
000396.jpg,"Breaded fish fillet with pasta, broccoli, and a lemon.",crispy fried chicken wings with a side of dipping sauces.
000397.jpg,Salmon fillet with potato balls and a side salad.,crispy fried chicken wings with green onions and fresh salad..
000398.jpg,Three perfectly fried eggs on a white plate.,crispy fried chicken wings with a side of dipping sauces.
000399.jpg,Small round pastries cooking on a griddle.,crispy fried rice with a side of a side of sauce.
000400.jpg,Stuffed zucchini boat with savory meat and vegetables.,crispy fried chicken wings with powdered sugar and a side of sauce.
000401.jpg,"Shrimp, grains, and colorful mixed vegetables on a plate.",crispy fried chicken wings with green onions and a side of sauce.
000402.jpg,Assorted cheese board with fruit and two wine glasses.,crispy fried chicken wings with fresh green onions.e sauce.
000403.jpg,"Grilled wrap, toasted burger, and crispy golden fries.",crispy fried chicken wings with vibrant green onions..
000404.jpg,"Foamy latte, crispy fried onions, and a blurry waffle.",crispy fried chicken wings in a white plate..e.
000405.jpg,"Cereal, toast, muffins, coffee, and juice on a tray.",crispy fried chicken wings with golden fries and dipping sauce. fries.
000406.jpg,"Fruit salad with strawberries, grapes, melon, and bananas.",crispy fried chicken wings with green onions and a side of sauce.
000407.jpg,"Steamed broccoli, purple rice, and turmeric tofu stew.",crispy fried chicken wings with green onions and a side of sauce.
000408.jpg,Sizzling plate with stir-fried dish and various sauces.,crispy fried rice with a side of a side of sauce.
000409.jpg,"Couscous with meat, chickpeas, and mixed root vegetables.",crispy fried chicken wings with green onions and fresh green onions.
000410.jpg,"Creamy macaroni with peas, grated cheese, and fresh herbs.",crispy fried chicken wings with green onions and fresh green onions.
000411.jpg,"Chicken with roasted vegetables, mashed potatoes, and sauce.",crispy fried chicken wings with a side of sauce.e sauce.
000412.jpg,"Grilled skewers on banana leaf, some slightly charred.",crispy fried rice with a side of dipping sauces.
000413.jpg,"Seafood with colorful peppers, avocado, and yellow sauce.",crispy fried chicken wings with green onions and a side of sauce.
000414.jpg,A table laden with multiple dishes and various foods.,crispy fried chicken wings with a side of sauce.e sauce.
000415.jpg,"Hearty breakfast with omelet, pancakes, and fruit sauce.","crispy fried chicken wings with sauce, cheese, cheese, and sauce.e."
000416.jpg,Colorful macarons neatly arranged in display trays.,crispy fried rice with melted cheese and dipping sauces.e.
000417.jpg,"Leftover pizza slices, coffee cups, water bottle.",crispy fried chicken wings with egg and green onions.e sauce.
000418.jpg,"Plates with potatoes, meat, and beet salad.",crispy fried chicken wings with green onions and a side of sauce.
000419.jpg,"Roasted turkey, fresh salad, and bread rolls.",crispy fried rice with a side of a side of sauce.
000420.jpg,Hearty brown soup with noodles and lentils.,crispy fried chicken wings with a side of sauce.e sauce.
000421.jpg,"Picnic spread: burgers, wraps, fruit skewers, and chips.",crispy fried chicken wings with green onions and fresh green onions.e.
000422.jpg,Grilled chicken drumsticks and thighs cooking on a griddle.,crispy fried chicken wings with powdered sugar and dipping sauces.
000423.jpg,"Large saucy burrito with vegetables, served with guacamole.",crispy fried chicken wings with green onions and a side of sauce.
000424.jpg,"Melted, bubbly cheese topping a rich, brown soup.",crispy fried rice with a side of a side of sauce.
000425.jpg,Sliced cooked meat with a savory sauce on a plate.,crispy fried chicken wings with powdered sugar and dipping sauces.
000426.jpg,"Golden pancakes with butter, sliced bananas, and coffee.",crispy fried chicken wings with a side of sauce.e sauce.
000427.jpg,"Steamed potatoes with herbs, tomato, and green pepper.",crispy fried chicken wings with powdered sugar and a side of sauce.
000428.jpg,"Gnocchi with tomato sauce, salad, bread, and soup.",crispy fried chicken wings with fresh green onions.e sauce.
000429.jpg,Guacamole with shredded vegetables and fresh lime wedges.,crispy fried chicken wings with green onions and fresh green onions.e sauce.
000430.jpg,"Chicken skewers, sausages, cheese slices, and potatoes.",crispy fried rice with melted cheese and dipping sauces.e.
000431.jpg,Fried fish and fries on a white plate.,crispy fried chicken wings with fresh green onions.e sauce.
000432.jpg,"Sushi rolls with rice, sesame seeds, vegetables, and wasabi.",crispy fried rice with powdered sugar and a side of sauce.
000433.jpg,Pink macaron with raspberry and elegant red petal garnish.,crispy fried rice with a side of dipping sauce.
000434.jpg,Table spread with various Asian dishes and drinks.,crispy fried chicken wings with fresh green onions.e sauce.
000435.jpg,Spaghetti noodles generously covered with rich red sauce.,crispy fried chicken wings with a side of dipping sauces.
000436.jpg,"Rice with meat, julienned vegetables, bread, and banana.",crispy fried chicken wings with fresh green onions.e sauce.
000437.jpg,Fresh submarine sandwich with vegetables and a drink.,crispy fried chicken wings with powdered sugar and a side of sauce.
000438.jpg,Grilled fish fillet served with diced tomatoes and lemon.,crispy fried chicken wings with green onions and fresh green onions. fries.
000439.jpg,Two hot dogs with generous sauerkraut in buns.,crispy fried chicken wings with powdered sugar and a side of sauce.
000440.jpg,Salmon and rice porridge with fresh herbs.,crispy fried chicken wings with a side of sauce.e sauce.
000441.jpg,A spread of Asian dishes including fish and greens.,crispy fried chicken wings with green onions and fresh green onions.
000442.jpg,"Breakfast: egg, hash browns, kiwi, oranges, and coffee.",crispy fried chicken wings with powdered sugar and a side of sauce.
000443.jpg,Steaming clay pot with green bean and tomato stew.,crispy fried chicken wings with fresh green onions.e sauce.
000444.jpg,Vibrant platter of assorted fresh fruits.,crispy fried chicken wings with green onions and fresh salad.e sauce.
000445.jpg,Spaghetti with clams on a white plate.,crispy fried rice with a side of dipping sauces.
000446.jpg,"Boiled egg, radish, and assorted fried items.",crispy fried chicken wings with golden fries and dipping sauce. fries.
000447.jpg,Powdered sugar dusted cannoli with creamy filling.,crispy fried chicken wings with powdered sugar and a side of sauce.
000448.jpg,"Sandwich with fried egg, cheese, and french fries.",crispy fried chicken wings with green onions and fresh green onions.
000449.jpg,Crisp green lettuce salad with creamy dressing.,crispy fried chicken wings with green onions and fresh green onions.
000450.jpg,"Golden waffle with whipped cream, strawberries, and blueberries.",crispy fried chicken wings with powdered sugar and a side of sauce.
000451.jpg,"Golden waffle with powdered sugar, bacon, and fluffy eggs.",crispy fried chicken wings with powdered sugar and dipping sauces.
000452.jpg,Glazed fish fillet with white purée on a brown plate.,crispy fried rice with a side of a side of sauce.
000453.jpg,"Escargots in a black pan with green sauce, bread.",crispy fried rice with a white frosting.e sauce.
000454.jpg,Seared scallops on green lettuce with sliced red peppers.,crispy fried chicken wings with a side of sauce.e sauce.
000455.jpg,Fresh green salad with orange slices and pumpkin seeds.,crispy fried chicken wings with green onions and fresh green onions.
000456.jpg,"Colorful macarons in red, blue, and green, in packaging.",crispy fried chicken wings with fresh green onions.e sauce.
000457.jpg,Grilled sandwich with visible lettuce and crispy bread marks.,crispy fried rice with melted cheese and dipping sauces.e.
000458.jpg,"Creamy curry, rice, and naan bread.",crispy fried chicken wings with powdered sugar and a side of sauce.
000459.jpg,"Thinly sliced meat, salad, croutons, and white fish.",crispy fried chicken wings with green onions and a side of sauce.
000460.jpg,Sushi rolls with soy sauce and pickled ginger.,crispy fried rice with a side of a side of sauce.
000461.jpg,"Spicy chicken wings with celery, carrots, and dipping sauce.",crispy fried chicken wings with golden fries and dipping sauce. fries.
000462.jpg,"Rice bowl with egg, mushrooms, sprouts, and vegetables.",crispy fried chicken wings with green onions and fresh green onions.
000463.jpg,Creamy yellow soup with fresh green herb garnish.,crispy fried rice with a side of a side of sauce.
000464.jpg,Crispy fried calamari with two dipping sauces and lemon.,crispy fried chicken wings with powdered sugar and a side of sauce.
000465.jpg,"Fried patties topped with poached eggs, drizzled sauce, and greens.",crispy fried chicken wings with green onions and fresh green onions.e.
000466.jpg,Toasted bruschetta topped with diced tomatoes and fresh basil.,crispy fried chicken wings with green onions and fresh green onions.
000467.jpg,"Glazed ribs, crinkle fries, and creamy coleslaw on a plate.",crispy fried chicken wings with golden fries and dipping sauce. fries.
000468.jpg,Dark curry and white rice on a simple meal tray.,crispy fried rice with a side of dipping sauces.
000469.jpg,Glazed chicken wings with a vibrant red sauce.,crispy fried rice with a side of dipping sauces.
000470.jpg,Fresh green salad with yellow fruit and pistachios.,crispy fried chicken wings with green onions and fresh salad..
000471.jpg,"Elegant beet salad with microgreens, nuts, and creamy dressing.",crispy fried chicken wings with fresh green onions.e sauce.
000472.jpg,Mixed green salad with many bright red tomatoes.,crispy fried chicken wings with green onions and fresh salad..
000473.jpg,Golden wrap drizzled with creamy and green sauces.,crispy fried chicken wings with powdered sugar and a side of dipping sauce.
000474.jpg,Savory fried rice with a few green peas.,crispy fried chicken wings with green onions and a side of sauce.
000475.jpg,Layered chocolate cake with creamy filling and glossy ganache.,crispy fried chicken wings with a side of sauce.e.
000476.jpg,"Pile of crispy, vibrant orange chicken wings.",crispy fried chicken wings with golden fries and dipping sauce. fries.
000477.jpg,"Pizza slice with cheesy, green herb topping.",crispy fried rice with powdered sugar and a side of sauce.
000478.jpg,White meat with glazed onions and savory sauce.,crispy fried rice with egg and crispy sauce..
000479.jpg,"Sweet dumpling in a rich, dark syrupy sauce.",crispy fried chicken wings with a side of dipping sauce.
000480.jpg,"Two golden-brown, crispy fried pastries in a basket.",crispy fried chicken wings with powdered sugar and a side of sauce.
000481.jpg,"Red carpaccio with fresh sprouts, red onion, and sesame.",crispy fried chicken wings with vibrant green onions. with a side of sauce.
000482.jpg,Chocolate bar dessert with ice cream and elegant sauce drizzle.,crispy fried chicken wings with vibrant green onions..
000483.jpg,"Chicken stir-fry with vegetables, onions, and rich savory sauce.",crispy fried chicken wings with green onions and a side of sauce.
000484.jpg,"Fried fish, crispy fries, green peas, and creamy sauce.",crispy fried chicken wings with golden fries and dipping sauce. fries.
000485.jpg,"Golden fried fish fillets, potato wedges, lemon, and sauce.",crispy fried chicken wings with golden fries and crispy topping..
000486.jpg,"Noodles topped with lacy egg, sprouts, and chives.",crispy fried chicken wings with green onions and a side of sauce.
000487.jpg,Rich brown soup with cream and fresh chives.,crispy fried rice with a side of a side of sauce.
000488.jpg,Glazed ribs and golden crispy french fries.,crispy fried chicken wings with a side of dipping sauce.e.
000489.jpg,"Golden pastry pieces, drizzled with sweet syrup.",crispy fried rice with powdered sugar and a side of sauce.
000490.jpg,Crispy fried fish and golden fries with dipping sauces.,crispy fried chicken wings with golden fries and dipping sauce. fries.
000491.jpg,"Fresh spring rolls with shrimp, greens, and peanut sauce.",crispy fried rice with melted cheese and dipping sauces.e.
000492.jpg,Crispy fried calamari served with colorful garnishes and sauces.,crispy fried rice with a side of sauce.e.
000493.jpg,Chilled soba noodles on a bamboo mat with dipping sauce.,crispy fried chicken wings with a side of sauce.e sauce.
000494.jpg,"Assorted sandwiches with meat, tomato, egg, and cucumber fillings.",crispy fried chicken wings with powdered sugar and a side of sauce.
000495.jpg,"Crispy falafel balls with sesame seeds, pickles, and sauce.",crispy fried chicken wings with a side of sauce.e sauce.
000496.jpg,Two eggs benedict topped with rich hollandaise sauce.,crispy fried chicken wings with green onions and a side of sauce.
000497.jpg,Decadent chocolate mousse with whipped cream and chocolate shavings.,crispy fried chicken wings with a side of sauce.e sauce.
000498.jpg,Golden fried chicken wings with celery and creamy dip.,crispy fried chicken wings with golden fries and dipping sauce. fries.
000499.jpg,Crispy fried fish and fries with dipping sauces.,crispy fried chicken wings with golden fries and dipping sauce. fries.
000500.jpg,Fresh tomato and mozzarella salad with toasted bread.,crispy fried chicken wings with green onions and fresh green onions.
